"Inventory ID","URI","Thickness","Unit"
"09_840","http://www.ashmolean.org/id/object/AN1909.840","1,3","http://qudt.org/vocab/unit/CM"
"1891_471","http://www.ashmolean.org/id/object/AN1891.471","1,1","http://qudt.org/vocab/unit/CM"
"1909 3-10 1","http://collection.britishmuseum.org/id/object/GAA58725","3,8","http://qudt.org/vocab/unit/CM"
"1909 3-10 10","http://collection.britishmuseum.org/id/object/GAA58719","1,3","http://qudt.org/vocab/unit/CM"
"1909 3-10 100","http://collection.britishmuseum.org/id/object/GAA58780","1,15","http://qudt.org/vocab/unit/CM"
"1909 3-10 101","http://collection.britishmuseum.org/id/object/GAA58782","1,1","http://qudt.org/vocab/unit/CM"
"1909 3-10 102","http://collection.britishmuseum.org/id/object/GAA58783","1,3","http://qudt.org/vocab/unit/CM"
"1909 3-10 103","http://collection.britishmuseum.org/id/object/GAA58789","1,15","http://qudt.org/vocab/unit/CM"
"1909 3-10 104","http://collection.britishmuseum.org/id/object/GAA58795","1,3","http://qudt.org/vocab/unit/CM"
"1909 3-10 105","http://collection.britishmuseum.org/id/object/GAA58790","1,3666667","http://qudt.org/vocab/unit/CM"
"1909 3-10 106","http://collection.britishmuseum.org/id/object/GAA58794","1,4","http://qudt.org/vocab/unit/CM"
"1909 3-10 107","http://collection.britishmuseum.org/id/object/GAA58791","1,3","http://qudt.org/vocab/unit/CM"
"1909 3-10 108","http://collection.britishmuseum.org/id/object/GAA58792","1,1","http://qudt.org/vocab/unit/CM"
"1909 3-10 109","http://collection.britishmuseum.org/id/object/GAA58793","1,3","http://qudt.org/vocab/unit/CM"
"1909 3-10 11","http://collection.britishmuseum.org/id/object/GAA58718","1,45","http://qudt.org/vocab/unit/CM"
"1909 3-10 110","http://collection.britishmuseum.org/id/object/GAA58712","1,4","http://qudt.org/vocab/unit/CM"
"1909 3-10 111","http://collection.britishmuseum.org/id/object/GAA58800","1,35","http://qudt.org/vocab/unit/CM"
"1909 3-10 112","http://collection.britishmuseum.org/id/object/GAA58799","1,5","http://qudt.org/vocab/unit/CM"
"1909 3-10 113","http://collection.britishmuseum.org/id/object/GAA58701","1,25","http://qudt.org/vocab/unit/CM"
"1909 3-10 114","http://collection.britishmuseum.org/id/object/GAA58788","1,5","http://qudt.org/vocab/unit/CM"
"1909 3-10 115","http://collection.britishmuseum.org/id/object/GAA58797","1,35","http://qudt.org/vocab/unit/CM"
"1909 3-10 119","http://collection.britishmuseum.org/id/object/GAA58730","1,55","http://qudt.org/vocab/unit/CM"
"1909 3-10 12","http://collection.britishmuseum.org/id/object/GAA58804","1,3","http://qudt.org/vocab/unit/CM"
"1909 3-10 123","http://collection.britishmuseum.org/id/object/GAA58716","1,15","http://qudt.org/vocab/unit/CM"
"1909 3-10 124","http://collection.britishmuseum.org/id/object/GAA58717","1,15","http://qudt.org/vocab/unit/CM"
"1909 3-10 125","http://collection.britishmuseum.org/id/object/GAA58735","1,1","http://qudt.org/vocab/unit/CM"
"1909 3-10 126","http://collection.britishmuseum.org/id/object/GAA58723","1,15","http://qudt.org/vocab/unit/CM"
"1909 3-10 127","http://collection.britishmuseum.org/id/object/GAA58724","1,45","http://qudt.org/vocab/unit/CM"
"1909 3-10 128","http://collection.britishmuseum.org/id/object/GAA58697","1,25","http://qudt.org/vocab/unit/CM"
"1909 3-10 129","http://collection.britishmuseum.org/id/object/GAA58699","1,4","http://qudt.org/vocab/unit/CM"
"1909 3-10 13","http://collection.britishmuseum.org/id/object/GAA58802","1,45","http://qudt.org/vocab/unit/CM"
"1909 3-10 130","http://collection.britishmuseum.org/id/object/GAA58700","1,4","http://qudt.org/vocab/unit/CM"
"1909 3-10 131","http://collection.britishmuseum.org/id/object/GAA58695","1,5","http://qudt.org/vocab/unit/CM"
"1909 3-10 132","http://collection.britishmuseum.org/id/object/GAA58696","1,1","http://qudt.org/vocab/unit/CM"
"1909 3-10 133","http://collection.britishmuseum.org/id/object/GAA58757","1,15","http://qudt.org/vocab/unit/CM"
"1909 3-10 134","http://collection.britishmuseum.org/id/object/GAA58703","1,4","http://qudt.org/vocab/unit/CM"
"1909 3-10 135","http://collection.britishmuseum.org/id/object/GAA58698","1,5","http://qudt.org/vocab/unit/CM"
"1909 3-10 136","http://collection.britishmuseum.org/id/object/GAA58760","1,2","http://qudt.org/vocab/unit/CM"
"1909 3-10 139","http://collection.britishmuseum.org/id/object/GAA58761","1,45","http://qudt.org/vocab/unit/CM"
"1909 3-10 14","http://collection.britishmuseum.org/id/object/GAA58805","1,15","http://qudt.org/vocab/unit/CM"
"1909 3-10 140","http://collection.britishmuseum.org/id/object/GAA58714","2,0111111","http://qudt.org/vocab/unit/CM"
"1909 3-10 141","http://collection.britishmuseum.org/id/object/GAA58803","1,5","http://qudt.org/vocab/unit/CM"
"1909 3-10 142","http://collection.britishmuseum.org/id/object/GAA58762","0,85","http://qudt.org/vocab/unit/CM"
"1909 3-10 143","http://collection.britishmuseum.org/id/object/GAA58758","1,65","http://qudt.org/vocab/unit/CM"
"1909 3-10 146","http://collection.britishmuseum.org/id/object/GAA58692","1,35","http://qudt.org/vocab/unit/CM"
"1909 3-10 147A","http://collection.britishmuseum.org/id/object/GAA58711","1,6","http://qudt.org/vocab/unit/CM"
"1909 3-10 147B","http://collection.britishmuseum.org/id/object/GAA58711","1,35","http://qudt.org/vocab/unit/CM"
"1909 3-10 147C","http://collection.britishmuseum.org/id/object/GAA58711","1,5","http://qudt.org/vocab/unit/CM"
"1909 3-10 148","http://collection.britishmuseum.org/id/object/GAA58693","1,3","http://qudt.org/vocab/unit/CM"
"1909 3-10 15","http://collection.britishmuseum.org/id/object/GAA58812","1,65","http://qudt.org/vocab/unit/CM"
"1909 3-10 16","http://collection.britishmuseum.org/id/object/GAA58813",1,"http://qudt.org/vocab/unit/CM"
"1909 3-10 17","http://collection.britishmuseum.org/id/object/GAA58720","0,8","http://qudt.org/vocab/unit/CM"
"1909 3-10 18","http://collection.britishmuseum.org/id/object/GAA58810","1,7333333","http://qudt.org/vocab/unit/CM"
"1909 3-10 19","http://collection.britishmuseum.org/id/object/GAA58811","1,2","http://qudt.org/vocab/unit/CM"
"1909 3-10 2","http://collection.britishmuseum.org/id/object/GAA58722","2,65","http://qudt.org/vocab/unit/CM"
"1909 3-10 20","http://collection.britishmuseum.org/id/object/GAA58808","0,8","http://qudt.org/vocab/unit/CM"
"1909 3-10 21","http://collection.britishmuseum.org/id/object/GAA58809","2,85","http://qudt.org/vocab/unit/CM"
"1909 3-10 22","http://collection.britishmuseum.org/id/object/GAA58807","1,15","http://qudt.org/vocab/unit/CM"
"1909 3-10 23","http://collection.britishmuseum.org/id/object/GAA58741","1,45","http://qudt.org/vocab/unit/CM"
"1909 3-10 24","http://collection.britishmuseum.org/id/object/GAA58737","2,9","http://qudt.org/vocab/unit/CM"
"1909 3-10 25","http://collection.britishmuseum.org/id/object/GAA58740","3,35","http://qudt.org/vocab/unit/CM"
"1909 3-10 26","http://collection.britishmuseum.org/id/object/GAA58738","2,35","http://qudt.org/vocab/unit/CM"
"1909 3-10 27","http://collection.britishmuseum.org/id/object/GAA58744","3,4","http://qudt.org/vocab/unit/CM"
"1909 3-10 3","http://collection.britishmuseum.org/id/object/GAA58721","1,55","http://qudt.org/vocab/unit/CM"
"1909 3-10 31","http://collection.britishmuseum.org/id/object/GAA58704","2,25","http://qudt.org/vocab/unit/CM"
"1909 3-10 32","http://collection.britishmuseum.org/id/object/GAA58691","1,9","http://qudt.org/vocab/unit/CM"
"1909 3-10 33","http://collection.britishmuseum.org/id/object/GAA58690","2,6","http://qudt.org/vocab/unit/CM"
"1909 3-10 34A","http://collection.britishmuseum.org/id/object/GAA58752","1,05","http://qudt.org/vocab/unit/CM"
"1909 3-10 34B","http://collection.britishmuseum.org/id/object/GAA58752","1,25","http://qudt.org/vocab/unit/CM"
"1909 3-10 4","http://collection.britishmuseum.org/id/object/GAA58706","0,85","http://qudt.org/vocab/unit/CM"
"1909 3-10 46","http://collection.britishmuseum.org/id/object/GAA58710","1,95","http://qudt.org/vocab/unit/CM"
"1909 3-10 47","http://collection.britishmuseum.org/id/object/GAA58727","1,5","http://qudt.org/vocab/unit/CM"
"1909 3-10 48","http://collection.britishmuseum.org/id/object/GAA58742","1,5666667","http://qudt.org/vocab/unit/CM"
"1909 3-10 49","http://collection.britishmuseum.org/id/object/GAA58745","1,1666667","http://qudt.org/vocab/unit/CM"
"1909 3-10 5","http://collection.britishmuseum.org/id/object/GAA58814","0,95","http://qudt.org/vocab/unit/CM"
"1909 3-10 50","http://collection.britishmuseum.org/id/object/GAA58750",1,"http://qudt.org/vocab/unit/CM"
"1909 3-10 51","http://collection.britishmuseum.org/id/object/GAA58769","1,75","http://qudt.org/vocab/unit/CM"
"1909 3-10 52","http://collection.britishmuseum.org/id/object/GAA58776","1,2333333","http://qudt.org/vocab/unit/CM"
"1909 3-10 53","http://collection.britishmuseum.org/id/object/GAA58767","1,65","http://qudt.org/vocab/unit/CM"
"1909 3-10 54","http://collection.britishmuseum.org/id/object/GAA58705","1,05","http://qudt.org/vocab/unit/CM"
"1909 3-10 56","http://collection.britishmuseum.org/id/object/GAA58771","2,5","http://qudt.org/vocab/unit/CM"
"1909 3-10 57","http://collection.britishmuseum.org/id/object/GAA58770","1,45","http://qudt.org/vocab/unit/CM"
"1909 3-10 58","http://collection.britishmuseum.org/id/object/GAA58765","2,25","http://qudt.org/vocab/unit/CM"
"1909 3-10 59","http://collection.britishmuseum.org/id/object/GAA58775","0,95","http://qudt.org/vocab/unit/CM"
"1909 3-10 6","http://collection.britishmuseum.org/id/object/GAA58708","1,6333333","http://qudt.org/vocab/unit/CM"
"1909 3-10 61","http://collection.britishmuseum.org/id/object/GAA58774","1,6333333","http://qudt.org/vocab/unit/CM"
"1909 3-10 62","http://collection.britishmuseum.org/id/object/GAA58764","1,75","http://qudt.org/vocab/unit/CM"
"1909 3-10 63","http://collection.britishmuseum.org/id/object/GAA58773","2,6","http://qudt.org/vocab/unit/CM"
"1909 3-10 66","http://collection.britishmuseum.org/id/object/GAA58726","1,8714286","http://qudt.org/vocab/unit/CM"
"1909 3-10 67","http://collection.britishmuseum.org/id/object/GAA58779",1,"http://qudt.org/vocab/unit/CM"
"1909 3-10 68","http://collection.britishmuseum.org/id/object/GAA58772","1,15","http://qudt.org/vocab/unit/CM"
"1909 3-10 69","http://collection.britishmuseum.org/id/object/GAA58766","2,65","http://qudt.org/vocab/unit/CM"
"1909 3-10 7","http://collection.britishmuseum.org/id/object/GAA58801","1,2","http://qudt.org/vocab/unit/CM"
"1909 3-10 70","http://collection.britishmuseum.org/id/object/GAA58681","1,6","http://qudt.org/vocab/unit/CM"
"1909 3-10 71","http://collection.britishmuseum.org/id/object/GAA58676","1,5","http://qudt.org/vocab/unit/CM"
"1909 3-10 72","http://collection.britishmuseum.org/id/object/GAA58673","1,1","http://qudt.org/vocab/unit/CM"
"1909 3-10 73","http://collection.britishmuseum.org/id/object/GAA58674","1,35","http://qudt.org/vocab/unit/CM"
"1909 3-10 74","http://collection.britishmuseum.org/id/object/GAA58679","1,25","http://qudt.org/vocab/unit/CM"
"1909 3-10 76","http://collection.britishmuseum.org/id/object/GAA58748","1,1","http://qudt.org/vocab/unit/CM"
"1909 3-10 77","http://collection.britishmuseum.org/id/object/GAA58747","1,15","http://qudt.org/vocab/unit/CM"
"1909 3-10 78","http://collection.britishmuseum.org/id/object/GAA58682","1,05","http://qudt.org/vocab/unit/CM"
"1909 3-10 79","http://collection.britishmuseum.org/id/object/GAA58749","1,6","http://qudt.org/vocab/unit/CM"
"1909 3-10 8","http://collection.britishmuseum.org/id/object/GAA58806","1,1","http://qudt.org/vocab/unit/CM"
"1909 3-10 80","http://collection.britishmuseum.org/id/object/GAA58731","1,2","http://qudt.org/vocab/unit/CM"
"1909 3-10 81","http://collection.britishmuseum.org/id/object/GAA58675","1,4","http://qudt.org/vocab/unit/CM"
"1909 3-10 82","http://collection.britishmuseum.org/id/object/GAA58680","2,85","http://qudt.org/vocab/unit/CM"
"1909 3-10 83","http://collection.britishmuseum.org/id/object/GAA58683","1,05","http://qudt.org/vocab/unit/CM"
"1909 3-10 84","http://collection.britishmuseum.org/id/object/GAA58677","0,85","http://qudt.org/vocab/unit/CM"
"1909 3-10 85","http://collection.britishmuseum.org/id/object/GAA58732","0,9","http://qudt.org/vocab/unit/CM"
"1909 3-10 86","http://collection.britishmuseum.org/id/object/GAA58688","1,25","http://qudt.org/vocab/unit/CM"
"1909 3-10 87","http://collection.britishmuseum.org/id/object/GAA58684","5,35","http://qudt.org/vocab/unit/CM"
"1909 3-10 88","http://collection.britishmuseum.org/id/object/GAA58686","8,3","http://qudt.org/vocab/unit/CM"
"1909 3-10 89","http://collection.britishmuseum.org/id/object/GAA58787","7,6","http://qudt.org/vocab/unit/CM"
"1909 3-10 9","http://collection.britishmuseum.org/id/object/GAA58759","0,95","http://qudt.org/vocab/unit/CM"
"1909 3-10 90A","http://collection.britishmuseum.org/id/object/GAA58685","1,05","http://qudt.org/vocab/unit/CM"
"1909 3-10 90B","http://collection.britishmuseum.org/id/object/GAA58685","1,55","http://qudt.org/vocab/unit/CM"
"1909 3-10 91","http://collection.britishmuseum.org/id/object/GAA58707","1,25","http://qudt.org/vocab/unit/CM"
"1909 3-10 92","http://collection.britishmuseum.org/id/object/GAA58713","1,2","http://qudt.org/vocab/unit/CM"
"1909 3-10 93","http://collection.britishmuseum.org/id/object/GAA58785","1,4","http://qudt.org/vocab/unit/CM"
"1909 3-10 94","http://collection.britishmuseum.org/id/object/GAA58687","1,4","http://qudt.org/vocab/unit/CM"
"1909 3-10 95","http://collection.britishmuseum.org/id/object/RFC49746","1,45","http://qudt.org/vocab/unit/CM"
"1909 3-10 96","http://collection.britishmuseum.org/id/object/GAA58786","1,94","http://qudt.org/vocab/unit/CM"
"1909 3-10 97","http://collection.britishmuseum.org/id/object/GAA58784","1,9","http://qudt.org/vocab/unit/CM"
"1909 3-10 98","http://collection.britishmuseum.org/id/object/GAA58781","1,35","http://qudt.org/vocab/unit/CM"
"1909 3-10 99","http://collection.britishmuseum.org/id/object/GAA58798","1,2","http://qudt.org/vocab/unit/CM"
"1912_147","http://www.ashmolean.org/id/object/AN1912.147","6,4","http://qudt.org/vocab/unit/CM"
"1930_392","http://www.ashmolean.org/id/object/AN1930.392","7,45","http://qudt.org/vocab/unit/CM"
"1968 12-13 1","http://collection.britishmuseum.org/id/object/GAA58899","1,7833333","http://qudt.org/vocab/unit/CM"
"1968 12-13 10","http://collection.britishmuseum.org/id/object/GAA58903",1,"http://qudt.org/vocab/unit/CM"
"1968 12-13 11","http://collection.britishmuseum.org/id/object/GAA58902","1,2","http://qudt.org/vocab/unit/CM"
"1968 12-13 12","http://collection.britishmuseum.org/id/object/GAA58904","0,95","http://qudt.org/vocab/unit/CM"
"1968 12-13 13","http://collection.britishmuseum.org/id/object/GAA58916","1,2","http://qudt.org/vocab/unit/CM"
"1968 12-13 14","http://collection.britishmuseum.org/id/object/GAA58912","1,45","http://qudt.org/vocab/unit/CM"
"1968 12-13 15","http://collection.britishmuseum.org/id/object/GAA58908","1,4","http://qudt.org/vocab/unit/CM"
"1968 12-13 16","http://collection.britishmuseum.org/id/object/GAA58907","1,25","http://qudt.org/vocab/unit/CM"
"1968 12-13 17","http://collection.britishmuseum.org/id/object/GAA58914","1,3571429","http://qudt.org/vocab/unit/CM"
"1968 12-13 18","http://collection.britishmuseum.org/id/object/GAA58910","4,55","http://qudt.org/vocab/unit/CM"
"1968 12-13 19","http://collection.britishmuseum.org/id/object/GAA58906","2,25","http://qudt.org/vocab/unit/CM"
"1968 12-13 2","http://collection.britishmuseum.org/id/object/GAA58898","1,15","http://qudt.org/vocab/unit/CM"
"1968 12-13 20","http://collection.britishmuseum.org/id/object/GAA58905","1,2","http://qudt.org/vocab/unit/CM"
"1968 12-13 21","http://collection.britishmuseum.org/id/object/GAA58909","5,2","http://qudt.org/vocab/unit/CM"
"1968 12-13 22","http://collection.britishmuseum.org/id/object/GAA58915","1,5","http://qudt.org/vocab/unit/CM"
"1968 12-13 23","http://collection.britishmuseum.org/id/object/GAA58913","1,4857143","http://qudt.org/vocab/unit/CM"
"1968 12-13 24","http://collection.britishmuseum.org/id/object/GAA58911","2,9333333","http://qudt.org/vocab/unit/CM"
"1968 12-13 25","http://collection.britishmuseum.org/id/object/GAA58922","2,15","http://qudt.org/vocab/unit/CM"
"1968 12-13 26","http://collection.britishmuseum.org/id/object/GAA58930","0,9","http://qudt.org/vocab/unit/CM"
"1968 12-13 28","http://collection.britishmuseum.org/id/object/GAA58933","7,2333333","http://qudt.org/vocab/unit/CM"
"1968 12-13 29","http://collection.britishmuseum.org/id/object/GAA58932","3,45","http://qudt.org/vocab/unit/CM"
"1968 12-13 3","http://collection.britishmuseum.org/id/object/GAA58897","4,55","http://qudt.org/vocab/unit/CM"
"1968 12-13 30","http://collection.britishmuseum.org/id/object/GAA58927","1,3","http://qudt.org/vocab/unit/CM"
"1968 12-13 31","http://collection.britishmuseum.org/id/object/GAA58931","1,25","http://qudt.org/vocab/unit/CM"
"1968 12-13 32","http://collection.britishmuseum.org/id/object/GAA58926","1,05","http://qudt.org/vocab/unit/CM"
"1968 12-13 33","http://collection.britishmuseum.org/id/object/GAA58925","1,4","http://qudt.org/vocab/unit/CM"
"1968 12-13 34","http://collection.britishmuseum.org/id/object/GAA58924","1,4","http://qudt.org/vocab/unit/CM"
"1968 12-13 35","http://collection.britishmuseum.org/id/object/GAA58923","1,7","http://qudt.org/vocab/unit/CM"
"1968 12-13 36","http://collection.britishmuseum.org/id/object/GAA58919","1,25","http://qudt.org/vocab/unit/CM"
"1968 12-13 37","http://collection.britishmuseum.org/id/object/GAA58918","1,15","http://qudt.org/vocab/unit/CM"
"1968 12-13 38","http://collection.britishmuseum.org/id/object/GAA58917","1,1","http://qudt.org/vocab/unit/CM"
"1968 12-13 39","http://collection.britishmuseum.org/id/object/GAA58920",1,"http://qudt.org/vocab/unit/CM"
"1968 12-13 4","http://collection.britishmuseum.org/id/object/GAA58895","1,5","http://qudt.org/vocab/unit/CM"
"1968 12-13 40","http://collection.britishmuseum.org/id/object/GAA58928","3,55","http://qudt.org/vocab/unit/CM"
"1968 12-13 42","http://collection.britishmuseum.org/id/object/GAA58945",3,"http://qudt.org/vocab/unit/CM"
"1968 12-13 43","http://collection.britishmuseum.org/id/object/GAA58947",1,"http://qudt.org/vocab/unit/CM"
"1968 12-13 44","http://collection.britishmuseum.org/id/object/GAA58944","3,75","http://qudt.org/vocab/unit/CM"
"1968 12-13 45","http://collection.britishmuseum.org/id/object/GAA58948","1,15","http://qudt.org/vocab/unit/CM"
"1968 12-13 46","http://collection.britishmuseum.org/id/object/GAA58943",1,"http://qudt.org/vocab/unit/CM"
"1968 12-13 47","http://collection.britishmuseum.org/id/object/GAA58942","3,4","http://qudt.org/vocab/unit/CM"
"1968 12-13 48","http://collection.britishmuseum.org/id/object/GAA58946","2,8","http://qudt.org/vocab/unit/CM"
"1968 12-13 49","http://collection.britishmuseum.org/id/object/GAA58956","2,05","http://qudt.org/vocab/unit/CM"
"1968 12-13 5","http://collection.britishmuseum.org/id/object/GAA58894","1,45","http://qudt.org/vocab/unit/CM"
"1968 12-13 50","http://collection.britishmuseum.org/id/object/GAA58955","1,2","http://qudt.org/vocab/unit/CM"
"1968 12-13 51","http://collection.britishmuseum.org/id/object/GAA58952","1,25","http://qudt.org/vocab/unit/CM"
"1968 12-13 53","http://collection.britishmuseum.org/id/object/GAA58953","1,2","http://qudt.org/vocab/unit/CM"
"1968 12-13 54","http://collection.britishmuseum.org/id/object/GAA58951","1,35","http://qudt.org/vocab/unit/CM"
"1968 12-13 56","http://collection.britishmuseum.org/id/object/GAA58949",1,"http://qudt.org/vocab/unit/CM"
"1968 12-13 57","http://collection.britishmuseum.org/id/object/GAA95951","1,45","http://qudt.org/vocab/unit/CM"
"1968 12-13 58","http://collection.britishmuseum.org/id/object/GAA58940","1,4","http://qudt.org/vocab/unit/CM"
"1968 12-13 59","http://collection.britishmuseum.org/id/object/GAA58939","1,4","http://qudt.org/vocab/unit/CM"
"1968 12-13 6","http://collection.britishmuseum.org/id/object/GAA58893","1,35","http://qudt.org/vocab/unit/CM"
"1968 12-13 61","http://collection.britishmuseum.org/id/object/GAA58937","1,2","http://qudt.org/vocab/unit/CM"
"1968 12-13 62","http://collection.britishmuseum.org/id/object/GAA58934","1,25","http://qudt.org/vocab/unit/CM"
"1968 12-13 64","http://collection.britishmuseum.org/id/object/GAA58941","1,1","http://qudt.org/vocab/unit/CM"
"1968 12-13 7","http://collection.britishmuseum.org/id/object/GAA58896","1,2333333","http://qudt.org/vocab/unit/CM"
"1968 12-13 8","http://collection.britishmuseum.org/id/object/GAA58900","1,15","http://qudt.org/vocab/unit/CM"
"1968 12-13 9","http://collection.britishmuseum.org/id/object/GAA58901","1,1","http://qudt.org/vocab/unit/CM"
"462_1891","http://www.ashmolean.org/id/object/AN1891.462","1,2","http://qudt.org/vocab/unit/CM"
"464_1891","http://www.ashmolean.org/id/object/AN1891.464","1,15","http://qudt.org/vocab/unit/CM"
"465_1891","http://www.ashmolean.org/id/object/AN1891.465","0,95","http://qudt.org/vocab/unit/CM"
"466_1891","http://www.ashmolean.org/id/object/AN1891.466","1,15","http://qudt.org/vocab/unit/CM"
"467_1891","http://www.ashmolean.org/id/object/AN1891.462","1,15","http://qudt.org/vocab/unit/CM"
"469_1891","http://www.ashmolean.org/id/object/AN1891.469","1,55","http://qudt.org/vocab/unit/CM"
"470_1891","http://www.ashmolean.org/id/object/AN1891.470","1,25","http://qudt.org/vocab/unit/CM"
"472_1891","http://www.ashmolean.org/id/object/AN1891.472","1,2","http://qudt.org/vocab/unit/CM"
"473_1891","http://www.ashmolean.org/id/object/AN1891.473","1,35","http://qudt.org/vocab/unit/CM"
"474_1891","http://www.ashmolean.org/id/object/AN1891.474","1,55","http://qudt.org/vocab/unit/CM"
"480_1891","http://www.ashmolean.org/id/object/AN1891.480","1,6","http://qudt.org/vocab/unit/CM"
"481_1891","http://www.ashmolean.org/id/object/AN1891.481","1,35","http://qudt.org/vocab/unit/CM"
"551_1926","http://www.ashmolean.org/id/object/AN1926.551","1,55","http://qudt.org/vocab/unit/CM"
"91 8-6 37","http://collection.britishmuseum.org/id/object/GAA57396","1,1","http://qudt.org/vocab/unit/CM"
"91 8-6 39","http://collection.britishmuseum.org/id/object/GAA57346",1,"http://qudt.org/vocab/unit/CM"
"91 8-6 46","http://collection.britishmuseum.org/id/object/GAA57395","1,5","http://qudt.org/vocab/unit/CM"
"91 8-6 54","http://collection.britishmuseum.org/id/object/GAA57343","1,9","http://qudt.org/vocab/unit/CM"
"91 8-6 57","http://collection.britishmuseum.org/id/object/GAA57394","1,35","http://qudt.org/vocab/unit/CM"
"91 8-6 58","http://collection.britishmuseum.org/id/object/GAA57393","1,7","http://qudt.org/vocab/unit/CM"
"91 8-6 59","http://collection.britishmuseum.org/id/object/GAA57392","2,5","http://qudt.org/vocab/unit/CM"
"91 8-6 60","http://collection.britishmuseum.org/id/object/GAA57345","1,3","http://qudt.org/vocab/unit/CM"
"91 8-6 61","http://collection.britishmuseum.org/id/object/GAA57345","1,1","http://qudt.org/vocab/unit/CM"
"AI_102","http://www.mcw.gov.cy/AyiaIrini/id/object/AI_102",,
"AI_110","http://www.mcw.gov.cy/AyiaIrini/id/object/AI_110",,
"AI_111","http://www.mcw.gov.cy/AyiaIrini/id/object/AI_111",,
"AI_1249","http://www.mcw.gov.cy/AyiaIrini/id/object/AI_1249",,
"AI_125","http://www.mcw.gov.cy/AyiaIrini/id/object/AI_125",,
"AI_1295","http://www.mcw.gov.cy/AyiaIrini/id/object/AI_1295",,
"AI_130","http://www.mcw.gov.cy/AyiaIrini/id/object/AI_130",,
"AI_142","http://www.mcw.gov.cy/AyiaIrini/id/object/AI_142",,
"AI_1496","http://www.mcw.gov.cy/AyiaIrini/id/object/AI_1496",,
"AI_1499","http://www.mcw.gov.cy/AyiaIrini/id/object/AI_1499",,
"AI_1867","http://www.mcw.gov.cy/AyiaIrini/id/object/AI_1867",,
"AI_1877","http://www.mcw.gov.cy/AyiaIrini/id/object/AI_1877",,
"AI_195","http://www.mcw.gov.cy/AyiaIrini/id/object/AI_195",,
"AI_217","http://www.mcw.gov.cy/AyiaIrini/id/object/AI_217",,
"AI_233","http://www.mcw.gov.cy/AyiaIrini/id/object/AI_233",,
"AI_238","http://www.mcw.gov.cy/AyiaIrini/id/object/AI_238",,
"AI_245","http://www.mcw.gov.cy/AyiaIrini/id/object/AI_245",,
"AI_28","http://www.mcw.gov.cy/AyiaIrini/id/object/AI_28",,
"AI_283","http://www.mcw.gov.cy/AyiaIrini/id/object/AI_283",,
"AI_321","http://www.mcw.gov.cy/AyiaIrini/id/object/AI_321",,
"AI_341","http://www.mcw.gov.cy/AyiaIrini/id/object/AI_341",,
"AI_349","http://www.mcw.gov.cy/AyiaIrini/id/object/AI_349",,
"AI_37","http://www.mcw.gov.cy/AyiaIrini/id/object/AI_37",,
"AI_393","http://www.mcw.gov.cy/AyiaIrini/id/object/AI_393",,
"AI_405","http://www.mcw.gov.cy/AyiaIrini/id/object/AI_405",,
"AI_412","http://www.mcw.gov.cy/AyiaIrini/id/object/AI_412",,
"AI_448","http://www.mcw.gov.cy/AyiaIrini/id/object/AI_448",,
"AI_60","http://www.mcw.gov.cy/AyiaIrini/id/object/AI_60",,
"AI_713","http://www.mcw.gov.cy/AyiaIrini/id/object/AI_713",,
"AI_816","http://www.mcw.gov.cy/AyiaIrini/id/object/AI_816",,
"AI_82","http://www.mcw.gov.cy/AyiaIrini/id/object/AI_82",,
"AI_83","http://www.mcw.gov.cy/AyiaIrini/id/object/AI_83",,
"AI_866","http://www.mcw.gov.cy/AyiaIrini/id/object/AI_866",,
"AI_868","http://www.mcw.gov.cy/AyiaIrini/id/object/AI_868",,
"AI_872","http://www.mcw.gov.cy/AyiaIrini/id/object/AI_872",,
"AI_876","http://www.mcw.gov.cy/AyiaIrini/id/object/AI_876",,
"AI_877","http://www.mcw.gov.cy/AyiaIrini/id/object/AI_877",,
"AI_88","http://www.mcw.gov.cy/AyiaIrini/id/object/AI_88",,
"AI_880","http://www.mcw.gov.cy/AyiaIrini/id/object/AI_880",,
"AI_881","http://www.mcw.gov.cy/AyiaIrini/id/object/AI_881",,
"AI_96","http://www.mcw.gov.cy/AyiaIrini/id/object/AI_96",,
"AI_99","http://www.mcw.gov.cy/AyiaIrini/id/object/AI_99",,
"AN1909_837","http://www.ashmolean.org/id/object/AN1909.837","1,65","http://qudt.org/vocab/unit/CM"
"C 111 1935","http://data.cyl/id/object/C%20111%201935","1,05","http://qudt.org/vocab/unit/CM"
"C 113 1935","http://data.cyl/id/object/C%20113%201935","1,5","http://qudt.org/vocab/unit/CM"
"C 114 1935","http://data.cyl/id/object/C%20114%201935","1,6","http://qudt.org/vocab/unit/CM"
"C 115 1935","http://data.cyl/id/object/C%20115%201935","1,1","http://qudt.org/vocab/unit/CM"
"C 2405","http://data.cyl/id/object/C%202405","1,15","http://qudt.org/vocab/unit/CM"
"C 2412","http://data.cyl/id/object/C%202412","1,8","http://qudt.org/vocab/unit/CM"
"C 2599","http://data.cyl/id/object/C%202599","1,3","http://qudt.org/vocab/unit/CM"
"C 2600","http://data.cyl/id/object/C%202600","1,3","http://qudt.org/vocab/unit/CM"
"C_1070","http://data.cyl/id/object/C.1070","1,1","http://qudt.org/vocab/unit/CM"
"C_2167","http://data.cyl/id/object/C.2167","1,55","http://qudt.org/vocab/unit/CM"
"C_2224","http://data.cyl/id/object/C.2224","1,25","http://qudt.org/vocab/unit/CM"
"C_2235","http://data.cyl/id/object/C.2235","1,3","http://qudt.org/vocab/unit/CM"
"C_2246","http://data.cyl/id/object/C.2246","0,85","http://qudt.org/vocab/unit/CM"
"C_2255","http://data.cyl/id/object/C.2255","1,65","http://qudt.org/vocab/unit/CM"
"C_2267","http://data.cyl/id/object/C.2267","1,35","http://qudt.org/vocab/unit/CM"
"C_2378","http://data.cyl/id/object/C.2378","1,3","http://qudt.org/vocab/unit/CM"
"C_2404","http://data.cyl/id/object/C.2404","1,75","http://qudt.org/vocab/unit/CM"
"C_2434","http://data.cyl/id/object/C.2434",2,"http://qudt.org/vocab/unit/CM"
"C_601","http://www.ashmolean.org/id/object/AN1896-1908%20C.601","1,4","http://qudt.org/vocab/unit/CM"
"C_603","http://www.ashmolean.org/id/object/AN1896-1908%2020C.603","1,55","http://qudt.org/vocab/unit/CM"
"D_292","http://data.cyl/id/object/D.292","1,3","http://qudt.org/vocab/unit/CM"
"GAA42453","http://collection.britishmuseum.org/id/object/GAA42453","0,00375","http://qudt.org/vocab/unit/M"
"GAA5761","http://collection.britishmuseum.org/id/object/GAA5761","0,004","http://qudt.org/vocab/unit/M"
"GAA5911","http://collection.britishmuseum.org/id/object/GAA5911","0,004","http://qudt.org/vocab/unit/M"
"GAA5965","http://collection.britishmuseum.org/id/object/GAA5965","0,003","http://qudt.org/vocab/unit/M"
"GAA75434","http://collection.britishmuseum.org/id/object/GAA75434","0,003","http://qudt.org/vocab/unit/M"
"GAA75966","http://collection.britishmuseum.org/id/object/GAA75966","0,0025","http://qudt.org/vocab/unit/M"
"GAA76113","http://collection.britishmuseum.org/id/object/GAA76113","0,003","http://qudt.org/vocab/unit/M"
"GAA76120","http://collection.britishmuseum.org/id/object/GAA76120","0,003","http://qudt.org/vocab/unit/M"
"GAA76122","http://collection.britishmuseum.org/id/object/GAA76122","0,0025","http://qudt.org/vocab/unit/M"
"GAA76124","http://collection.britishmuseum.org/id/object/GAA76124","0,003","http://qudt.org/vocab/unit/M"
"GAA76125","http://collection.britishmuseum.org/id/object/GAA76125","0,0035","http://qudt.org/vocab/unit/M"
"GAA76126","http://collection.britishmuseum.org/id/object/GAA76126","0,0025","http://qudt.org/vocab/unit/M"
"GAA76128","http://collection.britishmuseum.org/id/object/GAA76128","0,002","http://qudt.org/vocab/unit/M"
"GAA76131","http://collection.britishmuseum.org/id/object/GAA76131","0,003","http://qudt.org/vocab/unit/M"
"GAA76132","http://collection.britishmuseum.org/id/object/GAA76132","0,002","http://qudt.org/vocab/unit/M"
"GAA76134","http://collection.britishmuseum.org/id/object/GAA76134","0,002","http://qudt.org/vocab/unit/M"
"GAA76135","http://collection.britishmuseum.org/id/object/GAA76135","0,0015","http://qudt.org/vocab/unit/M"
"GAA76140","http://collection.britishmuseum.org/id/object/GAA76140","0,0025","http://qudt.org/vocab/unit/M"
"GAA76144","http://collection.britishmuseum.org/id/object/GAA76144","0,00225","http://qudt.org/vocab/unit/M"
"GAA76145","http://collection.britishmuseum.org/id/object/GAA76145","0,0025","http://qudt.org/vocab/unit/M"
"GAA76146","http://collection.britishmuseum.org/id/object/GAA76146","0,0025","http://qudt.org/vocab/unit/M"
"GAA76147","http://collection.britishmuseum.org/id/object/GAA76147","0,002","http://qudt.org/vocab/unit/M"
"GAA76148","http://collection.britishmuseum.org/id/object/GAA76148","0,00275","http://qudt.org/vocab/unit/M"
"GAA76149","http://collection.britishmuseum.org/id/object/GAA76149","0,00475","http://qudt.org/vocab/unit/M"
"GAA76150","http://collection.britishmuseum.org/id/object/GAA76150","0,00475","http://qudt.org/vocab/unit/M"
"GAA76228","http://collection.britishmuseum.org/id/object/GAA76228","0,00325","http://qudt.org/vocab/unit/M"
"GAA76229","http://collection.britishmuseum.org/id/object/GAA76229","0,0045","http://qudt.org/vocab/unit/M"
"GAA76230","http://collection.britishmuseum.org/id/object/GAA76230","0,003","http://qudt.org/vocab/unit/M"
"GAA76231","http://collection.britishmuseum.org/id/object/GAA76231","0,004","http://qudt.org/vocab/unit/M"
"GAA76233","http://collection.britishmuseum.org/id/object/GAA76233","0,0035","http://qudt.org/vocab/unit/M"
"GAA76234","http://collection.britishmuseum.org/id/object/GAA76234","0,005","http://qudt.org/vocab/unit/M"
"GAA76235","http://collection.britishmuseum.org/id/object/GAA76235","0,0075","http://qudt.org/vocab/unit/M"
"GAA76236","http://collection.britishmuseum.org/id/object/GAA76236","0,007","http://qudt.org/vocab/unit/M"
"GAA76451","http://collection.britishmuseum.org/id/object/GAA76451","0,006","http://qudt.org/vocab/unit/M"
"GAA76704","http://collection.britishmuseum.org/id/object/GAA76704","0,0065","http://qudt.org/vocab/unit/M"
"GAA76709","http://collection.britishmuseum.org/id/object/GAA76709","0,00675","http://qudt.org/vocab/unit/M"
"GAA77462","http://collection.britishmuseum.org/id/object/GAA77462","0,006","http://qudt.org/vocab/unit/M"
"GAA77581","http://collection.britishmuseum.org/id/object/GAA77581","0,006","http://qudt.org/vocab/unit/M"
"GAA77582","http://collection.britishmuseum.org/id/object/GAA77582","0,00575","http://qudt.org/vocab/unit/M"
"GAA77707","http://collection.britishmuseum.org/id/object/GAA77707","0,00625","http://qudt.org/vocab/unit/M"
"GAA77711","http://collection.britishmuseum.org/id/object/GAA77711","0,006","http://qudt.org/vocab/unit/M"
"GAA77712","http://collection.britishmuseum.org/id/object/GAA77712","0,005","http://qudt.org/vocab/unit/M"
"GAA77713","http://collection.britishmuseum.org/id/object/GAA77713","0,0115","http://qudt.org/vocab/unit/M"
"GAA77714","http://collection.britishmuseum.org/id/object/GAA77714","0,00925","http://qudt.org/vocab/unit/M"
"GAA77715","http://collection.britishmuseum.org/id/object/GAA77715","0,0045","http://qudt.org/vocab/unit/M"
"GAA77727","http://collection.britishmuseum.org/id/object/GAA77727","0,0055","http://qudt.org/vocab/unit/M"
"GAA79332","http://collection.britishmuseum.org/id/object/GAA79332","0,0055","http://qudt.org/vocab/unit/M"
"GAA79741","http://collection.britishmuseum.org/id/object/GAA79741","0,008","http://qudt.org/vocab/unit/M"
"GAA79744","http://collection.britishmuseum.org/id/object/GAA79744","0,0085","http://qudt.org/vocab/unit/M"
"GAA79749","http://collection.britishmuseum.org/id/object/GAA79749","0,0075","http://qudt.org/vocab/unit/M"
"GAA79794","http://collection.britishmuseum.org/id/object/GAA79794","0,0085","http://qudt.org/vocab/unit/M"
"GAA79871","http://collection.britishmuseum.org/id/object/GAA79871","0,006","http://qudt.org/vocab/unit/M"
"GAA79873","http://collection.britishmuseum.org/id/object/GAA79873","0,005","http://qudt.org/vocab/unit/M"
"GAA79886","http://collection.britishmuseum.org/id/object/GAA79886","0,00525","http://qudt.org/vocab/unit/M"
"GAA79887","http://collection.britishmuseum.org/id/object/GAA79887","0,005","http://qudt.org/vocab/unit/M"
"GAA79888","http://collection.britishmuseum.org/id/object/GAA79888","0,00525","http://qudt.org/vocab/unit/M"
"GAA79889","http://collection.britishmuseum.org/id/object/GAA79889","0,00525","http://qudt.org/vocab/unit/M"
"GAA79890","http://collection.britishmuseum.org/id/object/GAA79890","0,0055","http://qudt.org/vocab/unit/M"
"GAA79892","http://collection.britishmuseum.org/id/object/GAA79892","0,007","http://qudt.org/vocab/unit/M"
"GAA79893","http://collection.britishmuseum.org/id/object/GAA79893","0,007","http://qudt.org/vocab/unit/M"
"GAA79910","http://collection.britishmuseum.org/id/object/GAA79910","0,00625","http://qudt.org/vocab/unit/M"
"GAA80111","http://collection.britishmuseum.org/id/object/GAA80111","0,008","http://qudt.org/vocab/unit/M"
"GAA80112","http://collection.britishmuseum.org/id/object/GAA80112","0,00775","http://qudt.org/vocab/unit/M"
"GAA80127","http://collection.britishmuseum.org/id/object/GAA80127","0,006","http://qudt.org/vocab/unit/M"
"GAA86632","http://collection.britishmuseum.org/id/object/GAA86632","0,014875","http://qudt.org/vocab/unit/M"
"GAA87749","http://collection.britishmuseum.org/id/object/GAA87749","0,01425","http://qudt.org/vocab/unit/M"
"GAA94179","http://collection.britishmuseum.org/id/object/GAA94179","0,016","http://qudt.org/vocab/unit/M"
"GAA94180","http://collection.britishmuseum.org/id/object/GAA94180","0,003","http://qudt.org/vocab/unit/M"
"GAA94181","http://collection.britishmuseum.org/id/object/GAA94181","0,00325","http://qudt.org/vocab/unit/M"
"GAA94183","http://collection.britishmuseum.org/id/object/GAA94183","0,01175","http://qudt.org/vocab/unit/M"
"GAA9975","http://collection.britishmuseum.org/id/object/GAA9975","0,0025","http://qudt.org/vocab/unit/M"
"GAA9986","http://collection.britishmuseum.org/id/object/GAA9986","0,00225","http://qudt.org/vocab/unit/M"
"GAM84060","http://collection.britishmuseum.org/id/object/GAM84060","0,0025","http://qudt.org/vocab/unit/M"
"GR_10_1890","http://data.fitzmuseum.cam.ac.uk/id/object/66498","1,2","http://qudt.org/vocab/unit/CM"
"GR_11_1890","http://data.fitzmuseum.cam.ac.uk/id/object/66499",1,"http://qudt.org/vocab/unit/CM"
"GR_12_1890","http://data.fitzmuseum.cam.ac.uk/id/object/66500","1,4","http://qudt.org/vocab/unit/CM"
"GR_14_1890","http://data.fitzmuseum.cam.ac.uk/id/object/66502","1,3","http://qudt.org/vocab/unit/CM"
"GR_15_1890","http://data.fitzmuseum.cam.ac.uk/id/object/66503","1,8","http://qudt.org/vocab/unit/CM"
"GR_16_1890","http://data.fitzmuseum.cam.ac.uk/id/object/66504","1,4","http://qudt.org/vocab/unit/CM"
"GR_20_1890","http://data.fitzmuseum.cam.ac.uk/id/object/66508","1,3","http://qudt.org/vocab/unit/CM"
"GR_21_1890","http://data.fitzmuseum.cam.ac.uk/id/object/66509","1,3","http://qudt.org/vocab/unit/CM"
"GR_22_1890","http://data.fitzmuseum.cam.ac.uk/id/object/66669","1,2","http://qudt.org/vocab/unit/CM"
"GR_22_1891","http://data.fitzmuseum.cam.ac.uk/id/object/66510","1,25","http://qudt.org/vocab/unit/CM"
"GR_25_1890","http://data.fitzmuseum.cam.ac.uk/id/object/66513","1,15","http://qudt.org/vocab/unit/CM"
"GR_9_1890","http://data.fitzmuseum.cam.ac.uk/id/object/66497","1,25","http://qudt.org/vocab/unit/CM"
"Inventory ID","Museum URL",,
"Jar01_01","http://biu.ac.il/tell_es_Safi/id/object/Jar01_01",,
"Jar01_02","http://biu.ac.il/tell_es_Safi/id/object/Jar01_02",,
"Jar01_03","http://biu.ac.il/tell_es_Safi/id/object/Jar01_03",,
"Jar01_04","http://biu.ac.il/tell_es_Safi/id/object/Jar01_04",,
"Jar01_05","http://biu.ac.il/tell_es_Safi/id/object/Jar01_05",,
"Jar01_06","http://biu.ac.il/tell_es_Safi/id/object/Jar01_06",,
"Jar01_07","http://biu.ac.il/tell_es_Safi/id/object/Jar01_07",,
"Jar01_08","http://biu.ac.il/tell_es_Safi/id/object/Jar01_08",,
"Jar01_09","http://biu.ac.il/tell_es_Safi/id/object/Jar01_09",,
"Jar01_10","http://biu.ac.il/tell_es_Safi/id/object/Jar01_10",,
"Jar01_11","http://biu.ac.il/tell_es_Safi/id/object/Jar01_11",,
"Jar01_12","http://biu.ac.il/tell_es_Safi/id/object/Jar01_12",,
"Jar01_13","http://biu.ac.il/tell_es_Safi/id/object/Jar01_13",,
"Jar01_14","http://biu.ac.il/tell_es_Safi/id/object/Jar01_14",,
"Jar01_15","http://biu.ac.il/tell_es_Safi/id/object/Jar01_15",,
"Jar03_01","http://biu.ac.il/tell_es_Safi/id/object/Jar03_01",,
"Jar03_02","http://biu.ac.il/tell_es_Safi/id/object/Jar03_02",,
"Jar03_03","http://biu.ac.il/tell_es_Safi/id/object/Jar03_03",,
"Jar03_04","http://biu.ac.il/tell_es_Safi/id/object/Jar03_04",,
"Jar03_05","http://biu.ac.il/tell_es_Safi/id/object/Jar03_05",,
"Jar03_06","http://biu.ac.il/tell_es_Safi/id/object/Jar03_06",,
"Jar03_07","http://biu.ac.il/tell_es_Safi/id/object/Jar03_07",,
"Jar03_08","http://biu.ac.il/tell_es_Safi/id/object/Jar03_08",,
"Jar03_09","http://biu.ac.il/tell_es_Safi/id/object/Jar03_09",,
"Jar03_10","http://biu.ac.il/tell_es_Safi/id/object/Jar03_10",,
"Jar03_11","http://biu.ac.il/tell_es_Safi/id/object/Jar03_11",,
"Jar03_12","http://biu.ac.il/tell_es_Safi/id/object/Jar03_12",,
"Jar03_13","http://biu.ac.il/tell_es_Safi/id/object/Jar03_13",,
"Jar03_14","http://biu.ac.il/tell_es_Safi/id/object/Jar03_14",,
"Jar03_15","http://biu.ac.il/tell_es_Safi/id/object/Jar03_15",,
"Jar03_16","http://biu.ac.il/tell_es_Safi/id/object/Jar03_16",,
"Jar03_17","http://biu.ac.il/tell_es_Safi/id/object/Jar03_17",,
"Jar03_18","http://biu.ac.il/tell_es_Safi/id/object/Jar03_18",,
"Jar03_19","http://biu.ac.il/tell_es_Safi/id/object/Jar03_19",,
"Jar03_20","http://biu.ac.il/tell_es_Safi/id/object/Jar03_20",,
"Jar03_21","http://biu.ac.il/tell_es_Safi/id/object/Jar03_21",,
"Jar03_22","http://biu.ac.il/tell_es_Safi/id/object/Jar03_22",,
"Jar03_23","http://biu.ac.il/tell_es_Safi/id/object/Jar03_23",,
"Jar03_24","http://biu.ac.il/tell_es_Safi/id/object/Jar03_24",,
"Jar03_25","http://biu.ac.il/tell_es_Safi/id/object/Jar03_25",,
"Jar03_26","http://biu.ac.il/tell_es_Safi/id/object/Jar03_26",,
"Jar03_27","http://biu.ac.il/tell_es_Safi/id/object/Jar03_27",,
"Jar03_28","http://biu.ac.il/tell_es_Safi/id/object/Jar03_28",,
"Jar03_29","http://biu.ac.il/tell_es_Safi/id/object/Jar03_29",,
"Jar03_30","http://biu.ac.il/tell_es_Safi/id/object/Jar03_30",,
"Jar03_31","http://biu.ac.il/tell_es_Safi/id/object/Jar03_31",,
"Jar03_32","http://biu.ac.il/tell_es_Safi/id/object/Jar03_32",,
"ortho_1","http://www.makariosfoundation.org.cy/byzantine/id/object/ortho_1",,
"ortho_10","http://www.makariosfoundation.org.cy/byzantine/id/object/ortho_10",,
"ortho_11","http://www.makariosfoundation.org.cy/byzantine/id/object/ortho_11",,
"ortho_12","http://www.makariosfoundation.org.cy/byzantine/id/object/ortho_12",,
"ortho_14","http://www.makariosfoundation.org.cy/byzantine/id/object/ortho_14",,
"ortho_15","http://www.makariosfoundation.org.cy/byzantine/id/object/ortho_15",,
"ortho_16","http://www.makariosfoundation.org.cy/byzantine/id/object/ortho_16",,
"ortho_17","http://www.makariosfoundation.org.cy/byzantine/id/object/ortho_17",,
"ortho_18","http://www.makariosfoundation.org.cy/byzantine/id/object/ortho_18",,
"ortho_19","http://www.makariosfoundation.org.cy/byzantine/id/object/ortho_19",,
"ortho_19 (2)","http://www.makariosfoundation.org.cy/byzantine/id/object/ortho_19_(2)",,
"ortho_2","http://www.makariosfoundation.org.cy/byzantine/id/object/ortho_2",,
"ortho_20","http://www.makariosfoundation.org.cy/byzantine/id/object/ortho_20",,
"ortho_21","http://www.makariosfoundation.org.cy/byzantine/id/object/ortho_21",,
"ortho_22","http://www.makariosfoundation.org.cy/byzantine/id/object/ortho_22",,
"ortho_23","http://www.makariosfoundation.org.cy/byzantine/id/object/ortho_23",,
"ortho_24","http://www.makariosfoundation.org.cy/byzantine/id/object/ortho_24",,
"ortho_25","http://www.makariosfoundation.org.cy/byzantine/id/object/ortho_25",,
"ortho_26","http://www.makariosfoundation.org.cy/byzantine/id/object/ortho_26",,
"ortho_27","http://www.makariosfoundation.org.cy/byzantine/id/object/ortho_27",,
"ortho_28","http://www.makariosfoundation.org.cy/byzantine/id/object/ortho_28",,
"ortho_29","http://www.makariosfoundation.org.cy/byzantine/id/object/ortho_29",,
"ortho_3","http://www.makariosfoundation.org.cy/byzantine/id/object/ortho_3",,
"ortho_30_A","http://www.makariosfoundation.org.cy/byzantine/id/object/ortho_30_A",,
"ortho_30_B","http://www.makariosfoundation.org.cy/byzantine/id/object/ortho_30_B",,
"ortho_30_C","http://www.makariosfoundation.org.cy/byzantine/id/object/ortho_30_C",,
"ortho_31","http://www.makariosfoundation.org.cy/byzantine/id/object/ortho_31",,
"ortho_32","http://www.makariosfoundation.org.cy/byzantine/id/object/ortho_32",,
"ortho_33","http://www.makariosfoundation.org.cy/byzantine/id/object/ortho_33",,
"ortho_34","http://www.makariosfoundation.org.cy/byzantine/id/object/ortho_34",,
"ortho_35_A","http://www.makariosfoundation.org.cy/byzantine/id/object/ortho_35_A",,
"ortho_35_B","http://www.makariosfoundation.org.cy/byzantine/id/object/ortho_35_B",,
"ortho_36","http://www.makariosfoundation.org.cy/byzantine/id/object/ortho_36",,
"ortho_37","http://www.makariosfoundation.org.cy/byzantine/id/object/ortho_37",,
"ortho_38_A","http://www.makariosfoundation.org.cy/byzantine/id/object/ortho_38_A",,
"ortho_38_B","http://www.makariosfoundation.org.cy/byzantine/id/object/ortho_38_B",,
"ortho_39","http://www.makariosfoundation.org.cy/byzantine/id/object/ortho_39",,
"ortho_4","http://www.makariosfoundation.org.cy/byzantine/id/object/ortho_4",,
"ortho_42","http://www.makariosfoundation.org.cy/byzantine/id/object/ortho_42",,
"ortho_44","http://www.makariosfoundation.org.cy/byzantine/id/object/ortho_44",,
"ortho_45","http://www.makariosfoundation.org.cy/byzantine/id/object/ortho_45",,
"ortho_48","http://www.makariosfoundation.org.cy/byzantine/id/object/ortho_48",,
"ortho_5","http://www.makariosfoundation.org.cy/byzantine/id/object/ortho_5",,
"ortho_52","http://www.makariosfoundation.org.cy/byzantine/id/object/ortho_52",,
"ortho_53","http://www.makariosfoundation.org.cy/byzantine/id/object/ortho_53",,
"ortho_54","http://www.makariosfoundation.org.cy/byzantine/id/object/ortho_54",,
"ortho_56_bis","http://www.makariosfoundation.org.cy/byzantine/id/object/ortho_56_bis",,
"ortho_57","http://www.makariosfoundation.org.cy/byzantine/id/object/ortho_57",,
"ortho_58","http://www.makariosfoundation.org.cy/byzantine/id/object/ortho_58",,
"ortho_59","http://www.makariosfoundation.org.cy/byzantine/id/object/ortho_59",,
"ortho_6","http://www.makariosfoundation.org.cy/byzantine/id/object/ortho_6",,
"ortho_60","http://www.makariosfoundation.org.cy/byzantine/id/object/ortho_60",,
"ortho_61","http://www.makariosfoundation.org.cy/byzantine/id/object/ortho_61",,
"ortho_62","http://www.makariosfoundation.org.cy/byzantine/id/object/ortho_62",,
"ortho_63","http://www.makariosfoundation.org.cy/byzantine/id/object/ortho_63",,
"ortho_7","http://www.makariosfoundation.org.cy/byzantine/id/object/ortho_7",,
"ortho_8","http://www.makariosfoundation.org.cy/byzantine/id/object/ortho_8",,
"ortho_9","http://www.makariosfoundation.org.cy/byzantine/id/object/ortho_9",,
